type_habits;prix;adresse;image_lien
Vêtement enfant;Prix sur demande;HLM, Dakar, Sénégal;https://images.coinafrique.com/thumb_5256504_uploaded_image1_1743272005.jpg
Bonnet bébé;1 000 CFA;HLM, Dakar, Sénégal;
Culotte friperie enfants;Prix sur demande;Colobane, Dakar, Sénégal;
Vêtement friperie enfant;Prix sur demande;Colobane, Dakar, Sénégal;
Vêtements enfants;Prix sur demande;Medina, Dakar, Sénégal;https://images.coinafrique.com/thumb_5256504_uploaded_image1_1743272005.jpg
Vêtement enfant;Prix sur demande;HLM, Dakar, Sénégal;https://images.coinafrique.com/thumb_5256504_uploaded_image1_1743272005.jpg
Vêtements enfants;Prix sur demande;Mermoz-Sacré Coeur, Dakar, Sénégal;https://images.coinafrique.com/thumb_5256504_uploaded_image1_1743272005.jpg
Pantalon enfant;Prix sur demande;Mermoz-Sacré Coeur, Dakar, Sénégal;
Slip  enfant;7 000 CFA;Dakar, Sénégal;
Robe de cérémonie;25 000 CFA;Patte d'oie, Dakar, Sénégal;
Robe fille;25 000 CFA;Dakar, Sénégal;
Pull capuche enfants friperie;Prix sur demande;Colobane, Dakar, Sénégal;
Vêtement enfants friperie;Prix sur demande;Colobane, Dakar, Sénégal;
Pull capuche enfants;Prix sur demande;Colobane, Dakar, Sénégal;
Ensemble enfants;25 000 CFA;Guediawaye, Dakar, Sénégal;
Vêtements enfants;15 000 CFA;Mermoz-Sacré Coeur, Dakar, Sénégal;
Robe fille;5 000 CFA;Grand Yoff, Dakar, Sénégal;
Vêtement enfant;5 000 CFA;Grand Yoff, Dakar, Sénégal;https://images.coinafrique.com/thumb_5256504_uploaded_image1_1743272005.jpg
Ensemble  enfant;6 000 CFA;HLM, Dakar, Sénégal;
Collants enfant - 0 à 24 mois;2 000 CFA;Grand Yoff, Dakar, Sénégal;
Ensembles enfant;4 000 CFA;HLM, Dakar, Sénégal;
Vêtement friperie bébé;20 000 CFA;Patte d'oie, Dakar, Sénégal;
Vêtements garçon 0-24 mois;2 500 CFA;Mermoz-Sacré Coeur, Dakar, Sénégal;
Vêtements enfant;1 000 CFA;Mermoz-Sacré Coeur, Dakar, Sénégal;https://images.coinafrique.com/thumb_5256504_uploaded_image1_1743272005.jpg
Collant enfant;2 000 CFA;Sicap Liberté, Dakar, Sénégal;
Jeans enfants;6 000 CFA;Patte d'oie, Dakar, Sénégal;
Robe princesse;25 000 CFA;Patte d'oie, Dakar, Sénégal;
Ensemble friperie enfant;Prix sur demande;Colobane, Dakar, Sénégal;
Pull friperie enfant;Prix sur demande;Colobane, Dakar, Sénégal;
Vêtement bébé;5 000 CFA;Guediawaye, Dakar, Sénégal;
Ensemble garçon;13 500 CFA;Guediawaye, Dakar, Sénégal;
Tenue fillette;8 500 CFA;Guediawaye, Dakar, Sénégal;
Boxer fille;8 000 CFA;Parcelle Assainies, Dakar, Sénégal;
Pantalon enfant;Prix sur demande;Colobane, Dakar, Sénégal;
Robe;25 000 CFA;Patte d'oie, Dakar, Sénégal;
Robe enfant;25 000 CFA;Patte d'oie, Dakar, Sénégal;
Robe;25 000 CFA;Patte d'oie, Dakar, Sénégal;
Ensemble enfant;Prix sur demande;Colobane, Dakar, Sénégal;
Blouson enfant;7 000 CFA;Dakar Plateau, Dakar, Sénégal;
Robe bébé crochet;10 000 CFA;Dakar, Sénégal;
Pull bébé;6 000 CFA;Dakar, Sénégal;
Manteau fille;10 000 CFA;Dakar, Sénégal;
Vêtement Mardi-gras;20 000 CFA;Dakar, Sénégal;
Vêtement enfant;12 000 CFA;Guediawaye, Dakar, Sénégal;
Ensemble fillette;8 500 CFA;Guediawaye, Dakar, Sénégal;
Ensemble pour bébé;18 000 CFA;Keur Massar, Sénégal;
Vêtement enfant;9 900 CFA;Mermoz-Sacré Coeur, Dakar, Sénégal;https://images.coinafrique.com/thumb_5256504_uploaded_image1_1743272005.jpg
Vêtement bébé;4 500 CFA;Dakar Plateau, Dakar, Sénégal;
Ensemble tenu mardi Gras;20 000 CFA;Dieuppeul-Derklé, Dakar, Sénégal;
Peignoirs enfants;12 000 CFA;Dakar Plateau, Dakar, Sénégal;
Maillot enfant;8 000 CFA;Dieuppeul-Derklé, Dakar, Sénégal;
Vêtement bébé;10 000 CFA;Keur Massar, Sénégal;
Vêtement bébé;10 000 CFA;Keur Massar, Sénégal;
Ensemble Veste enfant;15 000 CFA;Dakar, Sénégal;
Pantalon Zara enfant;5 000 CFA;Dakar, Sénégal;
Vêtements bébé;1 500 CFA;Yoff, Dakar, Sénégal;
Friperie enfants;Prix sur demande;Colobane, Dakar, Sénégal;
Vêtements enfants;Prix sur demande;Colobane, Dakar, Sénégal;https://images.coinafrique.com/thumb_5256504_uploaded_image1_1743272005.jpg
Vêtements enfants;2 000 CFA;Colobane, Dakar, Sénégal;https://images.coinafrique.com/thumb_5256504_uploaded_image1_1743272005.jpg
Vêtement enfant;2 000 CFA;Colobane, Dakar, Sénégal;https://images.coinafrique.com/thumb_5256504_uploaded_image1_1743272005.jpg
Vêtement enfant;1 500 CFA;Colobane, Dakar, Sénégal;https://images.coinafrique.com/thumb_5256504_uploaded_image1_1743272005.jpg
Habits enfants;8 000 CFA;Dieuppeul-Derklé, Dakar, Sénégal;
Peignoir personnalisé enfant;12 000 CFA;Medina, Dakar, Sénégal;
Ensemble enfant;10 000 CFA;Parcelle Assainies, Dakar, Sénégal;
Vêtements bébé;Prix sur demande;Mermoz-Sacré Coeur, Dakar, Sénégal;
Vêtement enfant;1 000 CFA;Sicap Liberté, Dakar, Sénégal;https://images.coinafrique.com/thumb_5256504_uploaded_image1_1743272005.jpg
Ensemble enfant;10 000 CFA;Dakar, Sénégal;
Maillots de football enfant;5 000 CFA;Colobane, Dakar, Sénégal;
Caleçons homme;4 000 CFA;Guediawaye, Dakar, Sénégal;
Tenue mardi gras;Prix sur demande;Thies, Sénégal;
Tenue mardi gras;Prix sur demande;Thies, Sénégal;
Robes enfants;Prix sur demande;Saint Louis, Sénégal;
Robe enfant;5 000 CFA;Ouakam, Dakar, Sénégal;
Maillots sénégal enfants;10 000 CFA;Dakar Plateau, Dakar, Sénégal;https://images.coinafrique.com/thumb_5708663_uploaded_image1_1767803374.jpg
Vêtement enfant;Prix sur demande;HLM, Dakar, Sénégal;https://images.coinafrique.com/thumb_5256504_uploaded_image1_1743272005.jpg
Maillot Sénégal enfants;10 000 CFA;Dieuppeul-Derklé, Dakar, Sénégal;https://images.coinafrique.com/thumb_5708663_uploaded_image1_1767803374.jpg
Robe enfant;6 000 CFA;HLM, Dakar, Sénégal;
Robe enfant;6 000 CFA;HLM, Dakar, Sénégal;
Ensemble enfant;Prix sur demande;Colobane, Dakar, Sénégal;
Ensemble enfant;Prix sur demande;Colobane, Dakar, Sénégal;
Combinaison enfant;4 000 CFA;Colobane, Dakar, Sénégal;
Boubou enfant - 3 pièces;10 000 CFA;Ouakam, Dakar, Sénégal;
Vêtement friperie enfant;Prix sur demande;Sicap foire, Dakar, Sénégal;
Slips fille;5 500 CFA;Parcelle Assainies, Dakar, Sénégal;
Maillots enfant;5 000 CFA;Dakar, Sénégal;
Boubou enfant 3 pièces;15 000 CFA;Ouakam, Dakar, Sénégal;
Boubou fille;Prix sur demande;Ouakam, Dakar, Sénégal;
Ensemble enfant;8 000 CFA;Dakar, Sénégal;
Ensemble enfant;8 000 CFA;Dakar, Sénégal;
Boubou fille;15 000 CFA;Ouakam, Dakar, Sénégal;
Maillots enfant;5 000 CFA;Dakar, Sénégal;
Robe enfant;Prix sur demande;Dakar, Sénégal;
Boubous enfants en bazin;10 000 CFA;Ouakam, Dakar, Sénégal;
Boubou fille;12 000 CFA;Ouakam, Dakar, Sénégal;
Robe enfant - 0 à 3ans;12 000 CFA;Ouakam, Dakar, Sénégal;
Robe de prière + hijab intégré;3 000 CFA;Sicap Liberté, Dakar, Sénégal;
Robe enfant;5 000 CFA;Ouakam, Dakar, Sénégal;
Ensemble 3 pièces enfant;15 000 CFA;Ouakam, Dakar, Sénégal;
Robe enfant;8 000 CFA;Ouakam, Dakar, Sénégal;
Robe enfant;15 000 CFA;Biscuiterie, Dakar, Sénégal;
Robe fille;12 000 CFA;Biscuiterie, Dakar, Sénégal;
Jeans enfant;5 000 CFA;Dakar, Sénégal;
Ensemble enfant;8 000 CFA;Dakar, Sénégal;
Habits enfant;5 000 CFA;Dakar, Sénégal;
Ensemble enfant;4 000 CFA;Dakar, Sénégal;
Bas collant bébé;1 000 CFA;Sicap Liberté, Dakar, Sénégal;
Robes enfant;5 000 CFA;Rufisque, Sénégal;
Robe enfant;12 000 CFA;Biscuiterie, Dakar, Sénégal;
Ensemble Short enfant;7 000 CFA;Dakar, Sénégal;
Robe enfant;12 000 CFA;Biscuiterie, Dakar, Sénégal;
Robe enfant;12 000 CFA;Biscuiterie, Dakar, Sénégal;
Djellaba enfant;15 000 CFA;Grand Dakar, Dakar, Sénégal;
Grenouillère bébé;40 000 CFA;HLM, Dakar, Sénégal;
Ensemble enfant;4 000 CFA;HLM, Dakar, Sénégal;
Robe enfant princesse;30 000 CFA;Dakar, Sénégal;
Sous-vêtement fille - 2 pièces;2 000 CFA;Mermoz-Sacré Coeur, Dakar, Sénégal;
Sous-vêtements garçon coton - 2 pièces;2 000 CFA;Mermoz-Sacré Coeur, Dakar, Sénégal;
Robe princesse fille;5 000 CFA;Rufisque, Sénégal;
Ensemble bébé coton;4 000 CFA;Rufisque, Sénégal;
Robe enfant;4 000 CFA;Guediawaye, Dakar, Sénégal;
Ensemble enfants;7 500 CFA;Dakar, Sénégal;
Robes enfants;12 000 CFA;HLM, Dakar, Sénégal;
Robes enfants;12 000 CFA;HLM, Dakar, Sénégal;
Ensemble enfants;2 500 CFA;Dakar, Sénégal;
Pulls enfants;6 000 CFA;Hann Bel-Air, Dakar, Sénégal;
Robes de fête;Prix sur demande;Hann Bel-Air, Dakar, Sénégal;
Vêtements enfants;15 000 CFA;Hann Bel-Air, Dakar, Sénégal;https://images.coinafrique.com/thumb_5256504_uploaded_image1_1743272005.jpg
Caleçon enfant;2 000 CFA;Colobane, Dakar, Sénégal;
Pantalon enfant;6 000 CFA;Dakar, Sénégal;
Pantalon enfant;6 000 CFA;Dakar, Sénégal;
Pantalon enfant;6 000 CFA;Dakar, Sénégal;
Pantalon enfant;6 000 CFA;Dakar, Sénégal;
Pantalon enfant;6 000 CFA;Dakar, Sénégal;
Vêtements bébé;6 000 CFA;Keur Massar, Sénégal;
Vêtement enfants;Prix sur demande;Mermoz-Sacré Coeur, Dakar, Sénégal;https://images.coinafrique.com/thumb_5256504_uploaded_image1_1743272005.jpg
Friperie enfants;Prix sur demande;Colobane, Dakar, Sénégal;
Boubou Magnum Gold enfant;15 000 CFA;Ouakam, Dakar, Sénégal;
Ensemble femme;13 000 CFA;Ouakam, Dakar, Sénégal;
Ensemble jupe + taille basse;13 000 CFA;Ouakam, Dakar, Sénégal;
Habits bébé;5 000 CFA;HLM, Dakar, Sénégal;
Grenouillère;4 000 CFA;HLM, Dakar, Sénégal;
Boubou enfants  0 à 5ans;8 000 CFA;Ouakam, Dakar, Sénégal;
Boubou tabaski fil a fil Getzner;8 000 CFA;Ouakam, Dakar, Sénégal;
Robe broderie enfant;Prix sur demande;Ouakam, Dakar, Sénégal;
Robe enfant;Prix sur demande;Ouakam, Dakar, Sénégal;
Robe enfant;Prix sur demande;Ouakam, Dakar, Sénégal;
Chemise Elhadji enfant;Prix sur demande;Dakar, Sénégal;
Ensemble enfants;3 500 CFA;Dakar, Sénégal;
Sous vêtements bébé;1 500 CFA;Dakar, Sénégal;
Robes enfants;15 000 CFA;Biscuiterie, Dakar, Sénégal;
Vêtements enfant;5 000 CFA;Dakar, Sénégal;https://images.coinafrique.com/thumb_5256504_uploaded_image1_1743272005.jpg
Robe enfant;Prix sur demande;Keur Massar, Sénégal;
Robe enfant;Prix sur demande;Keur Massar, Sénégal;
Vêtements bébé;6 000 CFA;HLM, Dakar, Sénégal;
Ensemble peignoir pour enfants;10 000 CFA;Dakar, Sénégal;
Peignoirs enfants;8 000 CFA;Dakar Plateau, Dakar, Sénégal;
Vêtement enfant;Prix sur demande;Mermoz-Sacré Coeur, Dakar, Sénégal;
Ensemble bébé;4 000 CFA;HLM, Dakar, Sénégal;
Robes enfant;12 000 CFA;Dakar, Sénégal;
Vêtement enfant;5 000 CFA;Dakar, Sénégal;https://images.coinafrique.com/thumb_5256504_uploaded_image1_1743272005.jpg
Robe enfant;8 000 CFA;Dakar, Sénégal;
Robe enfant;8 000 CFA;Dakar, Sénégal;
Robe enfant;7 000 CFA;Dakar, Sénégal;
Robe enfant;8 000 CFA;Dakar, Sénégal;
Protège-tête;Prix sur demande;Patte d'oie, Dakar, Sénégal;
Maillots Sénégal  enfant;10 000 CFA;Dieuppeul-Derklé, Dakar, Sénégal;
Costume garçon  - 4 pièces;27 000 CFA;Dakar, Sénégal;
Vêtement enfant;Prix sur demande;Mermoz-Sacré Coeur, Dakar, Sénégal;https://images.coinafrique.com/thumb_5256504_uploaded_image1_1743272005.jpg
Ensemble enfants;Prix sur demande;Dakar, Sénégal;
Ensembles enfants;Prix sur demande;Dakar, Sénégal;
Robe d'été enfants;2 000 CFA;Dakar, Sénégal;
Habits enfants;7 000 CFA;Dakar, Sénégal;
Vêtements enfants;8 000 CFA;Dakar, Sénégal;https://images.coinafrique.com/thumb_5256504_uploaded_image1_1743272005.jpg
Jeans enfants;8 000 CFA;Dakar, Sénégal;
Robe petite fille;8 000 CFA;Dakar, Sénégal;
Habits enfants;3 000 CFA;Dakar, Sénégal;
Vêtements enfants;Prix sur demande;Guediawaye, Dakar, Sénégal;https://images.coinafrique.com/thumb_5256504_uploaded_image1_1743272005.jpg
Vêtements bébé;6 000 CFA;HLM, Dakar, Sénégal;
Vêtements bébé;3 000 CFA;HLM, Dakar, Sénégal;
Dessous enfants;Prix sur demande;Mermoz-Sacré Coeur, Dakar, Sénégal;
Boubou bazin riche;Prix sur demande;Mermoz-Sacré Coeur, Dakar, Sénégal;
Barboteuse;5 000 CFA;Dakar, Sénégal;
Ensemble bandeaux chaussettes;1 500 CFA;Dakar, Sénégal;
Robe d’anniversaire fille;7 000 CFA;Dakar Plateau, Dakar, Sénégal;
Robe d’anniversaire fille;10 000 CFA;Dakar Plateau, Dakar, Sénégal;
Costumes héros;Prix sur demande;Almadies, Dakar, Sénégal;
Vêtements enfant;5 500 CFA;Dakar, Sénégal;https://images.coinafrique.com/thumb_5256504_uploaded_image1_1743272005.jpg
Vêtements bébé;3 000 CFA;Keur Massar, Sénégal;
Vêtements bébé fille;3 000 CFA;Keur Massar, Sénégal;
Ensemble enfants;5 500 CFA;Dakar, Sénégal;
Ensemble enfants;5 000 CFA;Dakar, Sénégal;
Ensemble enfants;Prix sur demande;Dakar, Sénégal;
Vêtements enfant;16 000 CFA;Dakar, Sénégal;https://images.coinafrique.com/thumb_5256504_uploaded_image1_1743272005.jpg
Pantalon;5 000 CFA;Dakar, Sénégal;
Barboteuse;6 000 CFA;Dakar, Sénégal;
Ensemble  3 pièces enfants;16 000 CFA;Dakar, Sénégal;
Accessoires et vetements bébé;Prix sur demande;HLM, Dakar, Sénégal;
Ensemble enfants;6 500 CFA;Parcelle Assainies, Dakar, Sénégal;
Ensembles enfants;7 000 CFA;Parcelle Assainies, Dakar, Sénégal;
Peignoir bébé;9 000 CFA;HLM, Dakar, Sénégal;
Ensemble Robe Turquie;11 000 CFA;Dakar, Sénégal;
Coffret nouveaux née;10 000 CFA;Dakar, Sénégal;
Grenouillère;7 500 CFA;Dakar, Sénégal;
Polos enfants;5 000 CFA;Dakar, Sénégal;
Grenouillères;2 000 CFA;Medina, Dakar, Sénégal;
Vêtements enfant;10 000 CFA;Medina, Dakar, Sénégal;https://images.coinafrique.com/thumb_5256504_uploaded_image1_1743272005.jpg
Robes  enfant;9 000 CFA;Medina, Dakar, Sénégal;https://images.coinafrique.com/thumb_5714692_uploaded_image1_1768087870.jpg
Polo pour enfants;8 500 CFA;Dakar, Sénégal;
Ensembles pull  enfants;4 000 CFA;Cambérène, Dakar, Sénégal;
Vêtements enfants;Prix sur demande;Dakar, Sénégal;https://images.coinafrique.com/thumb_5256504_uploaded_image1_1743272005.jpg
Ensemble enfants;8 500 CFA;Dakar, Sénégal;
Maillots Sénégal enfant;10 000 CFA;Dieuppeul-Derklé, Dakar, Sénégal;https://images.coinafrique.com/thumb_5708663_uploaded_image1_1767803374.jpg
Vêtements friperies  enfant;Prix sur demande;Colobane, Dakar, Sénégal;
Vêtements Enfant;Prix sur demande;Dakar, Sénégal;https://images.coinafrique.com/thumb_5256504_uploaded_image1_1743272005.jpg
Vêtements enfant;Prix sur demande;Guediawaye, Dakar, Sénégal;https://images.coinafrique.com/thumb_5256504_uploaded_image1_1743272005.jpg
Costume garçon;28 000 CFA;Dakar, Sénégal;
Costume garçon;27 000 CFA;Dakar, Sénégal;
Ensemble Robe enfants;28 000 CFA;Dakar, Sénégal;
Maillots Sénégal enfants;10 000 CFA;Dieuppeul-Derklé, Dakar, Sénégal;https://images.coinafrique.com/thumb_5708663_uploaded_image1_1767803374.jpg
Pull enfant friperie;Prix sur demande;Colobane, Dakar, Sénégal;
Ensemble enfant friperie;1 000 CFA;Colobane, Dakar, Sénégal;
Ensemble enfant;8 000 CFA;Dakar Plateau, Dakar, Sénégal;
Ensemble enfant;8 000 CFA;Dakar Plateau, Dakar, Sénégal;
Habits enfants;3 000 CFA;Bambey, Sénégal;
Ensemble en velours;7 500 CFA;Colobane, Dakar, Sénégal;
Ensemble velours enfant;7 500 CFA;Colobane, Dakar, Sénégal;
Ensemble enfant;7 000 CFA;Dakar Plateau, Dakar, Sénégal;
T-shirts enfants;Prix sur demande;Dakar Plateau, Dakar, Sénégal;
Ensemble enfants;8 000 CFA;Dakar Plateau, Dakar, Sénégal;
Ensemble enfants;8 000 CFA;Dakar Plateau, Dakar, Sénégal;
Blouson enfant;Prix sur demande;Colobane, Dakar, Sénégal;
Blouson enfant;Prix sur demande;Colobane, Dakar, Sénégal;
Ensemble enfant;Prix sur demande;Dakar Plateau, Dakar, Sénégal;
Ensemble enfant;8 000 CFA;Dakar Plateau, Dakar, Sénégal;
Ensemble enfants;3 000 CFA;Thies, Sénégal;
Fliperies enfants;500 CFA;Almadies, Dakar, Sénégal;
Vêtements enfants;1 000 CFA;Almadies, Dakar, Sénégal;https://images.coinafrique.com/thumb_5256504_uploaded_image1_1743272005.jpg
Vêtements  enfant;1 000 CFA;Almadies, Dakar, Sénégal;https://images.coinafrique.com/thumb_5256504_uploaded_image1_1743272005.jpg
Ensemble enfants;7 000 CFA;Dakar Plateau, Dakar, Sénégal;
Vêtements enfants;8 000 CFA;Colobane, Dakar, Sénégal;https://images.coinafrique.com/thumb_5256504_uploaded_image1_1743272005.jpg
Vêtements enfant;8 000 CFA;Colobane, Dakar, Sénégal;https://images.coinafrique.com/thumb_5256504_uploaded_image1_1743272005.jpg
Vêtements enfants;8 500 CFA;Colobane, Dakar, Sénégal;https://images.coinafrique.com/thumb_5256504_uploaded_image1_1743272005.jpg
Friperie enfants;6 000 CFA;Colobane, Dakar, Sénégal;
Friperie peignoir enfants;3 000 CFA;Colobane, Dakar, Sénégal;
Friperie enfants;Prix sur demande;Colobane, Dakar, Sénégal;
Greniers enfants;1 000 CFA;Colobane, Dakar, Sénégal;
Vêtement friperie enfant;6 000 CFA;Colobane, Dakar, Sénégal;
Ensemble enfants;7 000 CFA;Dakar Plateau, Dakar, Sénégal;
Ensemble enfants;Prix sur demande;HLM, Dakar, Sénégal;
Ensemble enfants;Prix sur demande;HLM, Dakar, Sénégal;
Ensemble enfant;4 000 CFA;Mermoz-Sacré Coeur, Dakar, Sénégal;
Vêtements enfant;10 000 CFA;Sicap foire, Dakar, Sénégal;https://images.coinafrique.com/thumb_5256504_uploaded_image1_1743272005.jpg
Ensemble enfants;7 000 CFA;Dakar Plateau, Dakar, Sénégal;
Ensemble enfants;8 000 CFA;Dakar Plateau, Dakar, Sénégal;
Vêtement enfant;5 000 CFA;Colobane, Dakar, Sénégal;https://images.coinafrique.com/thumb_5256504_uploaded_image1_1743272005.jpg
Robes enfants;Prix sur demande;HLM, Dakar, Sénégal;
Vêtement enfant;10 000 CFA;Dakar, Sénégal;https://images.coinafrique.com/thumb_5256504_uploaded_image1_1743272005.jpg
Robe enfant;8 000 CFA;HLM, Dakar, Sénégal;
Ensemble enfants;5 000 CFA;Colobane, Dakar, Sénégal;
Vêtement enfant;Prix sur demande;HLM, Dakar, Sénégal;https://images.coinafrique.com/thumb_5256504_uploaded_image1_1743272005.jpg
Vêtement enfant;Prix sur demande;HLM, Dakar, Sénégal;https://images.coinafrique.com/thumb_5256504_uploaded_image1_1743272005.jpg
Vêtement  enfant;Prix sur demande;HLM, Dakar, Sénégal;https://images.coinafrique.com/thumb_5256504_uploaded_image1_1743272005.jpg
Cole pour enfants;2 000 CFA;Colobane, Dakar, Sénégal;
Robe pour enfants;10 000 CFA;Colobane, Dakar, Sénégal;https://images.coinafrique.com/thumb_5714692_uploaded_image1_1768087870.jpg
Jeans pour enfants garçon;6 000 CFA;Colobane, Dakar, Sénégal;
Jeans pour enfants filles;7 000 CFA;Colobane, Dakar, Sénégal;
Jeans pour enfants garçon;6 000 CFA;Colobane, Dakar, Sénégal;
Vêtements enfant;9 000 CFA;Colobane, Dakar, Sénégal;https://images.coinafrique.com/thumb_5256504_uploaded_image1_1743272005.jpg
Emsemble coton enfants;8 000 CFA;Colobane, Dakar, Sénégal;
Vêtements enfants;8 000 CFA;Colobane, Dakar, Sénégal;https://images.coinafrique.com/thumb_5256504_uploaded_image1_1743272005.jpg
Ensemble enfants;4 500 CFA;Dakar Plateau, Dakar, Sénégal;
Robe enfants;10 000 CFA;Dakar Plateau, Dakar, Sénégal;
Jeans baladeurs enfant;7 000 CFA;Colobane, Dakar, Sénégal;
Survetmemt pour enfants;1 000 CFA;Colobane, Dakar, Sénégal;
Vêtement enfant;Prix sur demande;HLM, Dakar, Sénégal;https://images.coinafrique.com/thumb_5256504_uploaded_image1_1743272005.jpg
Vêtements enfants Turquie;20 000 CFA;Colobane, Dakar, Sénégal;
Vêtements enfants Turquie;18 000 CFA;Colobane, Dakar, Sénégal;
Vêtements enfants Turquie;20 000 CFA;Colobane, Dakar, Sénégal;
Robe enfants;15 000 CFA;Colobane, Dakar, Sénégal;https://images.coinafrique.com/thumb_5714692_uploaded_image1_1768087870.jpg
Robe enfants;15 000 CFA;Colobane, Dakar, Sénégal;https://images.coinafrique.com/thumb_5714692_uploaded_image1_1768087870.jpg
Vêtements enfants 3 piéces;12 000 CFA;Colobane, Dakar, Sénégal;
Robes enfant;Prix sur demande;HLM, Dakar, Sénégal;
Robes enfant;Prix sur demande;HLM, Dakar, Sénégal;
Maillot enfant;Prix sur demande;Parcelle Assainies, Dakar, Sénégal;
Vêtements friperie enfant;Prix sur demande;Colobane, Dakar, Sénégal;
Vêtements friperie enfant;Prix sur demande;Colobane, Dakar, Sénégal;
Pantalons enfant;Prix sur demande;Colobane, Dakar, Sénégal;
Ensemble enfant;Prix sur demande;Colobane, Dakar, Sénégal;
Vêtements friperie enfant;Prix sur demande;Colobane, Dakar, Sénégal;
Sous vêtements   enfants;13 000 CFA;Dakar, Sénégal;https://images.coinafrique.com/thumb_5256504_uploaded_image1_1743272005.jpg
Maillots enfants;10 000 CFA;Dakar Plateau, Dakar, Sénégal;https://images.coinafrique.com/thumb_5708663_uploaded_image1_1767803374.jpg
Robe enfant;Prix sur demande;Mermoz-Sacré Coeur, Dakar, Sénégal;
Hijab enfant;Prix sur demande;Guediawaye, Dakar, Sénégal;
Pantalon en coton;6 500 CFA;Dakar, Sénégal;
Vêtements enfants;7 000 CFA;Colobane, Dakar, Sénégal;https://images.coinafrique.com/thumb_5256504_uploaded_image1_1743272005.jpg
Vêtements enfants;8 000 CFA;Colobane, Dakar, Sénégal;https://images.coinafrique.com/thumb_5256504_uploaded_image1_1743272005.jpg
Ensemble pour enfants;10 000 CFA;Colobane, Dakar, Sénégal;
Vêtements enfants;Prix sur demande;Colobane, Dakar, Sénégal;https://images.coinafrique.com/thumb_5256504_uploaded_image1_1743272005.jpg
Vêtements enfants;8 000 CFA;Colobane, Dakar, Sénégal;https://images.coinafrique.com/thumb_5256504_uploaded_image1_1743272005.jpg
Vêtements enfants;8 000 CFA;Colobane, Dakar, Sénégal;https://images.coinafrique.com/thumb_5256504_uploaded_image1_1743272005.jpg
Culotte Berksha enfant;15 000 CFA;Ngor, Dakar, Sénégal;
Pyjama bébé;6 000 CFA;Dakar, Sénégal;
Djellaba enfants;8 500 CFA;Colobane, Dakar, Sénégal;
Couette bébé;Prix sur demande;HLM, Dakar, Sénégal;
Vêtements enfants;2 000 CFA;Colobane, Dakar, Sénégal;https://images.coinafrique.com/thumb_5256504_uploaded_image1_1743272005.jpg
Maillot enfant;2 000 CFA;Thies, Sénégal;
Vêtement enfant;4 500 CFA;Dakar Plateau, Dakar, Sénégal;https://images.coinafrique.com/thumb_5256504_uploaded_image1_1743272005.jpg
Vêtement  enfant;Prix sur demande;Dakar Plateau, Dakar, Sénégal;https://images.coinafrique.com/thumb_5256504_uploaded_image1_1743272005.jpg
Vêtement enfants;6 500 CFA;Dakar Plateau, Dakar, Sénégal;https://images.coinafrique.com/thumb_5256504_uploaded_image1_1743272005.jpg
Vêtement enfant;6 500 CFA;Dakar Plateau, Dakar, Sénégal;https://images.coinafrique.com/thumb_5256504_uploaded_image1_1743272005.jpg
T-shirt;9 000 CFA;Ngor, Dakar, Sénégal;
Ensemble vêtement enfant;15 300 CFA;Ngor, Dakar, Sénégal;
Vêtements friperies  enfant;Prix sur demande;Colobane, Dakar, Sénégal;
Vêtement enfant;Prix sur demande;Colobane, Dakar, Sénégal;https://images.coinafrique.com/thumb_5256504_uploaded_image1_1743272005.jpg
Vêtements enfants;Prix sur demande;Colobane, Dakar, Sénégal;https://images.coinafrique.com/thumb_5256504_uploaded_image1_1743272005.jpg
Robe enfant;9 300 CFA;Ngor, Dakar, Sénégal;
Short enfant;Prix sur demande;Colobane, Dakar, Sénégal;
Vêtements fille;4 000 CFA;Dakar Plateau, Dakar, Sénégal;
Ensemble 2 pièces pour fille;14 000 CFA;Dakar, Sénégal;
Ensemble enfant;13 000 CFA;Dakar, Sénégal;
Polo Lacoste enfant;1 500 CFA;Dakar, Sénégal;
Pantalon pour enfants;2 500 CFA;Dakar, Sénégal;
Bambinerie enfant;Prix sur demande;Mermoz-Sacré Coeur, Dakar, Sénégal;
Robe de prière enfant;2 500 CFA;Dakar, Sénégal;
Robe enfant;15 000 CFA;Dakar, Sénégal;
Jeans  pour enfants;6 000 CFA;Colobane, Dakar, Sénégal;
Vêtement enfant;4 500 CFA;Dakar Plateau, Dakar, Sénégal;https://images.coinafrique.com/thumb_5256504_uploaded_image1_1743272005.jpg
Vêtements enfant;Prix sur demande;Dakar, Sénégal;https://images.coinafrique.com/thumb_5256504_uploaded_image1_1743272005.jpg
Vêtements enfant;Prix sur demande;Colobane, Dakar, Sénégal;https://images.coinafrique.com/thumb_5256504_uploaded_image1_1743272005.jpg
Slip enfant;2 500 CFA;Mermoz-Sacré Coeur, Dakar, Sénégal;
Vêtements enfant;8 000 CFA;HLM, Dakar, Sénégal;https://images.coinafrique.com/thumb_5256504_uploaded_image1_1743272005.jpg
Vêtement enfant;5 000 CFA;Colobane, Dakar, Sénégal;https://images.coinafrique.com/thumb_5256504_uploaded_image1_1743272005.jpg
Robe enfant;Prix sur demande;Dakar, Sénégal;
Ensemble bas;5 000 CFA;HLM, Dakar, Sénégal;
Ensemble bas;5 000 CFA;HLM, Dakar, Sénégal;
Robes brodé;10 000 CFA;HLM, Dakar, Sénégal;
Robe coton fille 2 - 5 ans;6 000 CFA;HLM, Dakar, Sénégal;
Robe en coton 9 - 24 mois;5 000 CFA;HLM, Dakar, Sénégal;
Robe brodé;15 000 CFA;HLM, Dakar, Sénégal;
Ensemble coton fille;5 000 CFA;HLM, Dakar, Sénégal;
Ensemble bas large fille 10 - 14 ans;12 000 CFA;HLM, Dakar, Sénégal;
Grenouillère 0 - 9 mois;5 000 CFA;HLM, Dakar, Sénégal;
Ensemble 5 pieces;6 000 CFA;HLM, Dakar, Sénégal;
Robe pour anniversaire ou cérémonie;15 000 CFA;HLM, Dakar, Sénégal;
Robe anniversaire ou cérémonie;15 000 CFA;HLM, Dakar, Sénégal;
Ensemble enfant;9 000 CFA;Dakar Plateau, Dakar, Sénégal;
Couverture bébé;4 000 CFA;Dakar, Sénégal;
Robe brodé;10 000 CFA;HLM, Dakar, Sénégal;
Ensemble 3  pièces;15 000 CFA;HLM, Dakar, Sénégal;
Robes princesse;17 500 CFA;HLM, Dakar, Sénégal;
Robe princesse;17 500 CFA;HLM, Dakar, Sénégal;
Slips pour enfants;7 500 CFA;Colobane, Dakar, Sénégal;
Cuissards;210 CFA;Medina, Dakar, Sénégal;
Pyjama enfant en coton;2 000 CFA;Sicap Liberté, Dakar, Sénégal;
Ensemble pour garçon;4 500 CFA;Medina, Dakar, Sénégal;
Vêtements de garçon;2 500 CFA;Medina, Dakar, Sénégal;
Robe fille;22 800 CFA;Medina, Dakar, Sénégal;
Body pour bébé de 0-24mois;750 CFA;Point E, Dakar, Sénégal;
Grenouillère bébé de 0- 24 mois;1 500 CFA;Point E, Dakar, Sénégal;
Serviette de bain pour bébé;4 000 CFA;Dakar Plateau, Dakar, Sénégal;
Peignoirs enfants;Prix sur demande;Dakar Plateau, Dakar, Sénégal;
Veste Softshell;14 000 CFA;Almadies, Dakar, Sénégal;
Veste Jacadi;12 000 CFA;Almadies, Dakar, Sénégal;
Vetement enfants;Prix sur demande;Dakar Plateau, Dakar, Sénégal;https://images.coinafrique.com/thumb_5256504_uploaded_image1_1743272005.jpg
Pantalon enfants;6 000 CFA;Dakar Plateau, Dakar, Sénégal;
Jeans enfants;Prix sur demande;Grand Yoff, Dakar, Sénégal;
Ensemble pour enfant 0ans jusqua 15ans;6 000 CFA;Colobane, Dakar, Sénégal;
Robes de fête;Prix sur demande;Dakar, Sénégal;
Ensemble pour enfant;10 000 CFA;Colobane, Dakar, Sénégal;
Vêtements   pour enfant;10 000 CFA;Colobane, Dakar, Sénégal;https://images.coinafrique.com/thumb_5256504_uploaded_image1_1743272005.jpg
Costume enfant;28 000 CFA;Dakar, Sénégal;
Ensemble veste garçon 5 pièces;28 000 CFA;Dakar, Sénégal;
Lot pyjamas enfant 6/8 ans;11 000 CFA;Almadies, Dakar, Sénégal;
Pantalon pour enfant 14ans 15ans;4 000 CFA;Colobane, Dakar, Sénégal;
Maillots enfants sénégal;10 000 CFA;Dakar Plateau, Dakar, Sénégal;https://images.coinafrique.com/thumb_5708663_uploaded_image1_1767803374.jpg
Ensemble pour enfant cotton;6 000 CFA;Colobane, Dakar, Sénégal;
Ensemble costumes enfants;25 000 CFA;Dakar, Sénégal;
Ensemble Pul Enfants;18 000 CFA;Dakar, Sénégal;
Blouson pour enfants 3 ans à 8 ans;8 000 CFA;Ouest Foire, Dakar, Sénégal;
Blouson pour enfants 1ans 5 ans;5 000 CFA;Ouest Foire, Dakar, Sénégal;
Blouson pour enfants de 4ans à 12ans;8 000 CFA;Ouest Foire, Dakar, Sénégal;
Blouson pour enfants 4ans à 15ans;8 000 CFA;Ouest Foire, Dakar, Sénégal;
Blouson coton pour enfants de 1ans 8ans;8 000 CFA;Ouest Foire, Dakar, Sénégal;
Blouson  pour enfants 3ans à 10ans;8 000 CFA;Ouest Foire, Dakar, Sénégal;
Blouson pour enfants 100% coton 3 ans 9ans;8 000 CFA;Colobane, Dakar, Sénégal;
Blouson pour enfant;8 000 CFA;Colobane, Dakar, Sénégal;
Vêtements bébé;1 000 CFA;Colobane, Dakar, Sénégal;
Vêtements bébé;1 000 CFA;Colobane, Dakar, Sénégal;
Vêtements bébé;1 000 CFA;Colobane, Dakar, Sénégal;
Vêtements bébé;1 000 CFA;Colobane, Dakar, Sénégal;
Ensemble pour enfant;8 000 CFA;Colobane, Dakar, Sénégal;
Genouillère anti-dérapante en coton;Prix sur demande;Mermoz-Sacré Coeur, Dakar, Sénégal;
Vêtements enfants;4 500 CFA;Mbao, Dakar, Sénégal;https://images.coinafrique.com/thumb_5256504_uploaded_image1_1743272005.jpg
Vêtements enfants;4 500 CFA;Mbao, Dakar, Sénégal;https://images.coinafrique.com/thumb_5256504_uploaded_image1_1743272005.jpg
Vêtement enfant;1 000 CFA;Sicap foire, Dakar, Sénégal;https://images.coinafrique.com/thumb_5256504_uploaded_image1_1743272005.jpg
Ensemble pour enfant de 1ans jusqua 15ans;7 000 CFA;Colobane, Dakar, Sénégal;
Ensemble mardi gras;8 000 CFA;Dakar Plateau, Dakar, Sénégal;
Djialabé enfant;8 000 CFA;Parcelle Assainies, Dakar, Sénégal;
Dialabé enfant;10 000 CFA;Fass, Dakar, Sénégal;https://images.coinafrique.com/thumb_5181204_uploaded_image1_1739296973.jpg
Djialap pour enfant de 4ans jusqua 18ans;6 500 CFA;Colobane, Dakar, Sénégal;
Robe enfant;Prix sur demande;Ouakam, Dakar, Sénégal;
Robe enfant;Prix sur demande;Ouakam, Dakar, Sénégal;
Robe enfant;Prix sur demande;Ouakam, Dakar, Sénégal;
Vetement  enfants;8 500 CFA;Fass, Dakar, Sénégal;https://images.coinafrique.com/thumb_5256504_uploaded_image1_1743272005.jpg
Robe de prière  enfant;5 000 CFA;Sicap Liberté, Dakar, Sénégal;
Maillots enfants;10 000 CFA;Dieuppeul-Derklé, Dakar, Sénégal;
Jalaba  pour enfants;7 000 CFA;Parcelle Assainies, Dakar, Sénégal;
Jalaba  pour enfants;15 000 CFA;Parcelle Assainies, Dakar, Sénégal;
Robe Iris enfant;15 000 CFA;Ngor, Dakar, Sénégal;
Dialab pour enfant;7 000 CFA;Colobane, Dakar, Sénégal;https://images.coinafrique.com/thumb_5181204_uploaded_image1_1739296973.jpg
Ensemble dialab pour enfant de 3ans jusqua 16ans;7 000 CFA;Colobane, Dakar, Sénégal;
Ensemble dialab enfants 3pièces;15 000 CFA;Colobane, Dakar, Sénégal;
Dialab enfant 3pièces;12 000 CFA;Colobane, Dakar, Sénégal;
Dialab pour enfant de 1ans jusqua 16ans;10 000 CFA;Colobane, Dakar, Sénégal;
Dialab 3 pièces  3ans jusqua 16ans;12 000 CFA;Colobane, Dakar, Sénégal;
Dialab;15 000 CFA;Colobane, Dakar, Sénégal;https://images.coinafrique.com/thumb_5181204_uploaded_image1_1739296973.jpg
Dialaba  2 pièces;7 000 CFA;Colobane, Dakar, Sénégal;
Robes enfant;Prix sur demande;Fass, Dakar, Sénégal;https://images.coinafrique.com/thumb_5714692_uploaded_image1_1768087870.jpg
Robes enfant;Prix sur demande;Fass, Dakar, Sénégal;https://images.coinafrique.com/thumb_5714692_uploaded_image1_1768087870.jpg
Robe Afne;15 000 CFA;Fass, Dakar, Sénégal;https://images.coinafrique.com/thumb_5243665_uploaded_image1_1742560242.jpg
Sous vetement enfant;1 000 CFA;Fass, Dakar, Sénégal;https://images.coinafrique.com/thumb_5256504_uploaded_image1_1743272005.jpg
Djalaba;7 500 CFA;Fass, Dakar, Sénégal;https://images.coinafrique.com/thumb_5700235_uploaded_image1_1767387346.jpg
Abaya pour Anfna;10 000 CFA;Fass, Dakar, Sénégal;https://images.coinafrique.com/thumb_5263587_uploaded_image1_1743688774.jpg
Chemise enfants;15 000 CFA;Fass, Dakar, Sénégal;https://images.coinafrique.com/thumb_5263591_uploaded_image1_1743688903.jpg
Ensemble pour enfants;6 000 CFA;Diamalaye 1, Dakar, Sénégal;
Ensemble enfants;6 000 CFA;Diamalaye 1, Dakar, Sénégal;
Ensemble pour enfants;6 000 CFA;Diamalaye 1, Dakar, Sénégal;
Vetement enfant;Prix sur demande;Dakar, Sénégal;https://images.coinafrique.com/thumb_5256504_uploaded_image1_1743272005.jpg
Brassière kids;3 000 CFA;Dakar, Sénégal;
Gamme et vetement pour bébé;Prix sur demande;Colobane, Dakar, Sénégal;
Vetements et accéssoires pour bébé;Prix sur demande;Colobane, Dakar, Sénégal;
Emsemble coton;7 000 CFA;Colobane, Dakar, Sénégal;
Habillement enfant;4 000 CFA;HLM, Dakar, Sénégal;
Ensemble enfant;Prix sur demande;HLM, Dakar, Sénégal;
Survêtement coton pour enfants;1 500 CFA;Colobane, Dakar, Sénégal;
Ensemble pour enfants coton;7 000 CFA;Colobane, Dakar, Sénégal;
Ensemble pour enfants 6mois à 4ans;4 000 CFA;Colobane, Dakar, Sénégal;
Ensemble pour enfants de 2ans a 12ans;7 000 CFA;Colobane, Dakar, Sénégal;
Ensemble pour enfants de 2ans a 6ans coton;7 000 CFA;Colobane, Dakar, Sénégal;
Ensemble pour enfants de 1ans à 3ans;7 000 CFA;Colobane, Dakar, Sénégal;
Emsemble pour enfants 3 pièces;8 000 CFA;Colobane, Dakar, Sénégal;
Polo Lacoste pour enfants;4 000 CFA;Colobane, Dakar, Sénégal;
Robe;10 000 CFA;Colobane, Dakar, Sénégal;
Robe pour enfants;7 000 CFA;Colobane, Dakar, Sénégal;https://images.coinafrique.com/thumb_5714692_uploaded_image1_1768087870.jpg
Ensemble short enfant;8 000 CFA;Dakar, Sénégal;
Robe enfant;7 000 CFA;Dakar, Sénégal;
Ensemble pour jeune fille;10 000 CFA;Dakar, Sénégal;
Vêtements enfants;3 500 CFA;Sicap Liberté, Dakar, Sénégal;https://images.coinafrique.com/thumb_5256504_uploaded_image1_1743272005.jpg
Djalabé pour enfants;10 000 CFA;Colobane, Dakar, Sénégal;https://images.coinafrique.com/thumb_5737163_uploaded_image1_1769170576.jpg
Vêtements d'été pour fille;3 500 CFA;Mbao, Dakar, Sénégal;
Robe nuafna mélange géginer;10 000 CFA;Fass, Dakar, Sénégal;https://images.coinafrique.com/thumb_5427239_uploaded_image1_1752708596.jpg
Vêtements pour enfants;3 500 CFA;Mbao, Dakar, Sénégal;https://images.coinafrique.com/thumb_5256504_uploaded_image1_1743272005.jpg
Vêtements pour enfants;4 000 CFA;Mbao, Dakar, Sénégal;https://images.coinafrique.com/thumb_5256504_uploaded_image1_1743272005.jpg
Vêtements pour enfants;3 500 CFA;Mbao, Dakar, Sénégal;https://images.coinafrique.com/thumb_5256504_uploaded_image1_1743272005.jpg
Ensembles lacost pour garçon;3 000 CFA;Mbao, Dakar, Sénégal;
Friperie enfants;Prix sur demande;Colobane, Dakar, Sénégal;
Pantalon  enfant;100 000 000 CFA;Colobane, Dakar, Sénégal;
Ensemble costume pour enfants;35 000 CFA;Dakar, Sénégal;
Ensemble dêbadeur enfants;2 500 CFA;Colobane, Dakar, Sénégal;
Short enfants;6 000 CFA;Colobane, Dakar, Sénégal;
Pantalon pour enfants;Prix sur demande;Colobane, Dakar, Sénégal;
Vêtements enfants;Prix sur demande;Colobane, Dakar, Sénégal;https://images.coinafrique.com/thumb_5256504_uploaded_image1_1743272005.jpg
Lacoste coton pour enfants;Prix sur demande;Colobane, Dakar, Sénégal;
Pantalon jeans;Prix sur demande;Colobane, Dakar, Sénégal;
Lacoste coton pour enfants de 3ans à 16ans;3 500 CFA;Colobane, Dakar, Sénégal;
Ensemble coton pour enfants de 3ans 7ans;4 000 CFA;Colobane, Dakar, Sénégal;
Sous vêtements;Prix sur demande;Colobane, Dakar, Sénégal;https://images.coinafrique.com/thumb_5256504_uploaded_image1_1743272005.jpg
Robe;7 000 CFA;Pikine, Sénégal;
Robe lin;6 000 CFA;Pikine, Sénégal;
Robe brodée;6 000 CFA;Pikine, Sénégal;
Blousons enfants;15 000 CFA;Dakar Plateau, Dakar, Sénégal;
3 bavoirs bandana;10 000 CFA;Sicap Liberté, Dakar, Sénégal;
Pulls et sweat-shirt enfants 4 ans;1 500 CFA;Yoff, Dakar, Sénégal;
Emsemble coton pour enfants;7 000 CFA;Colobane, Dakar, Sénégal;
Pantalon pour enfants original;8 000 CFA;Colobane, Dakar, Sénégal;
Friperie enfants;3 000 CFA;Colobane, Dakar, Sénégal;
Ensemble blouson bébé et enfant;Prix sur demande;Dakar, Sénégal;
Vêtements enfants;6 000 CFA;Mbao, Dakar, Sénégal;https://images.coinafrique.com/thumb_5256504_uploaded_image1_1743272005.jpg
Blouson pour enfants original;8 500 CFA;Colobane, Dakar, Sénégal;
Djallaba enfant;8 500 CFA;Fass, Dakar, Sénégal;https://images.coinafrique.com/thumb_5700235_uploaded_image1_1767387346.jpg
Maillot Sénégal enfant;6 000 CFA;Fass, Dakar, Sénégal;https://images.coinafrique.com/thumb_5708663_uploaded_image1_1767803374.jpg
Robe enfant;8 500 CFA;Fass, Dakar, Sénégal;https://images.coinafrique.com/thumb_5714692_uploaded_image1_1768087870.jpg
Diabaté enfant;7 500 CFA;Parcelle Assainies, Dakar, Sénégal;
Cemig alagi pour nuafna;7 500 CFA;Fass, Dakar, Sénégal;https://images.coinafrique.com/thumb_5772434_uploaded_image1_1770944074.jpg
Djalabe enfants;7 500 CFA;Fass, Dakar, Sénégal;https://images.coinafrique.com/thumb_5737163_uploaded_image1_1769170576.jpg
